Nombre completo,Teléfono,Correo electrónico original,Empresa para la cual trabaja,Ciudad,Correo corporativo generado
Leanne Graham,1-770-736-8031 x56442,Sincere@april.biz,Romaguera-Crona,Gwenborough,lgraham@democompany.com
Ervin Howell,010-692-6593 x09125,Shanna@melissa.tv,Deckow-Crist,Wisokyburgh,ehowell@democompany.com
Clementine Bauch,1-463-123-4447,Nathan@yesenia.net,Romaguera-Jacobson,McKenziehaven,cbauch@democompany.com
Patricia Lebsack,493-170-9623 x156,Julianne.OConner@kory.org,Robel-Corkery,South Elvis,plebsack@democompany.com
Chelsey Dietrich,(254)954-1289,Lucio_Hettinger@annie.ca,Keebler LLC,Roscoeview,cdietrich@democompany.com
Mrs. Dennis Schulist,1-477-935-8478 x6430,Karley_Dach@jasper.info,Considine-Lockman,South Christy,mschulist@democompany.com
Kurtis Weissnat,210.067.6132,Telly.Hoeger@billy.biz,Johns Group,Howemouth,kweissnat@democompany.com
Nicholas Runolfsdottir V,586.493.6943 x140,Sherwood@rosamond.me,Abernathy Group,Aliyaview,nv@democompany.com
Glenna Reichert,(775)976-6794 x41206,Chaim_McDermott@dana.io,Yost and Sons,Bartholomebury,greichert@democompany.com
Clementina DuBuque,024-648-3804,Rey.Padberg@karina.biz,Hoeger LLC,Lebsackbury,cdubuque@democompany.com
